customer_id,full_name,email,phone,city,created_at
1,Aarav Sharma,aarav.sharma@email.com,9876543210,Mumbai,2023-01-15 08:30:00
2,Vivaan Patel,vivaan.patel@email.com,9876543211,Delhi,2023-01-18 10:45:00
3,Aditya Kumar,aditya.kumar@email.com,9876543212,Bangalore,2023-01-22 14:20:00
4,Vihaan Singh,vihaan.singh@email.com,9876543213,Hyderabad,2023-02-01 09:15:00
5,Arjun Reddy,arjun.reddy@email.com,9876543214,Chennai,2023-02-05 11:30:00
6,Sai Verma,sai.verma@email.com,9876543215,Pune,2023-02-10 16:00:00
7,Ayaan Gupta,ayaan.gupta@email.com,9876543216,Ahmedabad,2023-02-14 13:45:00
8,Krishna Iyer,krishna.iyer@email.com,9876543217,Kolkata,2023-02-18 10:20:00
9,Ishaan Desai,ishaan.desai@email.com,9876543218,Jaipur,2023-02-22 15:10:00
10,Reyansh Joshi,reyansh.joshi@email.com,9876543219,Lucknow,2023-02-25 12:30:00
11,Ananya Das,ananya.das@email.com,9876543220,Surat,2023-03-01 09:00:00
12,Diya Menon,diya.menon@email.com,9876543221,Kochi,2023-03-05 14:45:00
13,Isha Nair,isha.nair@email.com,9876543222,Coimbatore,2023-03-08 11:20:00
14,Saanvi Pillai,saanvi.pillai@email.com,9876543223,Indore,2023-03-12 16:30:00
15,Aanya Kapoor,aanya.kapoor@email.com,9876543224,Nagpur,2023-03-15 10:00:00
16,Navya Mehta,navya.mehta@email.com,9876543225,Visakhapatnam,2023-03-18 13:15:00
17,Pari Agarwal,pari.agarwal@email.com,9876543226,Bhopal,2023-03-22 15:45:00
18,Myra Chopra,myra.chopra@email.com,9876543227,Chandigarh,2023-03-25 09:30:00
19,Sara Bansal,sara.bansal@email.com,9876543228,Ludhiana,2023-03-28 12:00:00
20,Aadhya Mittal,aadhya.mittal@email.com,9876543229,Vadodara,2023-04-01 14:20:00
21,Riya Saxena,riya.saxena@email.com,9876543230,Rajkot,2023-04-04 10:45:00
22,Kiara Tiwari,kiara.tiwari@email.com,9876543231,Kanpur,2023-04-07 16:10:00
23,Prisha Pandey,prisha.pandey@email.com,9876543232,Nashik,2023-04-10 11:30:00
24,Advik Shah,advik.shah@email.com,9876543233,Amritsar,2023-04-13 13:50:00
25,Shivansh Rao,shivansh.rao@email.com,9876543234,Mysore,2023-04-16 15:20:00
26,Atharv Kulkarni,atharv.kulkarni@email.com,9876543235,Guwahati,2023-04-19 09:40:00
27,Dhruv Malhotra,dhruv.malhotra@email.com,9876543236,Bhubaneswar,2023-04-22 12:15:00
28,Kabir Bhatt,kabir.bhatt@email.com,9876543237,Patna,2023-04-25 14:35:00
29,Rudra Mishra,rudra.mishra@email.com,9876543238,Ranchi,2023-04-28 10:50:00
30,Advait Trivedi,advait.trivedi@email.com,9876543239,Raipur,2023-05-01 16:25:00
31,Zara Khan,zara.khan@email.com,9876543240,Mumbai,2023-05-04 11:05:00
32,Anika Sinha,anika.sinha@email.com,9876543241,Delhi,2023-05-07 13:40:00
33,Nitya Ghosh,nitya.ghosh@email.com,9876543242,Bangalore,2023-05-10 15:55:00
34,Mira Chatterjee,mira.chatterjee@email.com,9876543243,Hyderabad,2023-05-13 09:25:00
35,Kavya Bose,kavya.bose@email.com,9876543244,Chennai,2023-05-16 12:45:00
36,Shanaya Roy,shanaya.roy@email.com,9876543245,Pune,2023-05-19 14:10:00
37,Avni Dutta,avni.dutta@email.com,9876543246,Ahmedabad,2023-05-22 10:30:00
38,Tara Sen,tara.sen@email.com,9876543247,Kolkata,2023-05-25 16:00:00
39,Larisa Bhattacharya,larisa.bhatt@email.com,9876543248,Jaipur,2023-05-28 11:50:00
40,Sia Mukherjee,sia.mukherjee@email.com,9876543249,Lucknow,2023-06-01 13:20:00
41,Arnav Jain,arnav.jain@email.com,9876543250,Surat,2023-06-04 15:35:00
42,Shaurya Arora,shaurya.arora@email.com,9876543251,Kochi,2023-06-07 09:55:00
43,Yash Chauhan,yash.chauhan@email.com,9876543252,Coimbatore,2023-06-10 12:20:00
44,Om Thakur,om.thakur@email.com,9876543253,Indore,2023-06-13 14:40:00
45,Ranbir Yadav,ranbir.yadav@email.com,9876543254,Nagpur,2023-06-16 10:15:00
46,Vidyut Rajput,vidyut.rajput@email.com,9876543255,Visakhapatnam,2023-06-19 16:30:00
47,Advay Chawla,advay.chawla@email.com,9876543256,Bhopal,2023-06-22 11:45:00
48,Veer Gill,veer.gill@email.com,9876543257,Chandigarh,2023-06-25 13:05:00
49,Parth Bhatia,parth.bhatia@email.com,9876543258,Ludhiana,2023-06-28 15:25:00
50,Rohan Sethi,rohan.sethi@email.com,9876543259,Vadodara,2023-07-01 09:50:00
51,Ayush Soni,ayush.soni@email.com,9876543260,Rajkot,2023-07-04 12:10:00
52,Laksh Goyal,laksh.goyal@email.com,9876543261,Kanpur,2023-07-07 14:30:00
53,Pratham Singhal,pratham.singhal@email.com,9876543262,Nashik,2023-07-10 10:40:00
54,Tanvi Shukla,tanvi.shukla@email.com,9876543263,Amritsar,2023-07-13 16:15:00
55,Ira Dubey,ira.dubey@email.com,9876543264,Mysore,2023-07-16 11:35:00
56,Pihu Mathur,pihu.mathur@email.com,9876543265,Guwahati,2023-07-19 13:55:00
57,Reet Khanna,reet.khanna@email.com,9876543266,Bhubaneswar,2023-07-22 15:10:00
58,Divya Kashyap,divya.kashyap@email.com,9876543267,Patna,2023-07-25 09:30:00
59,Trisha Bhardwaj,trisha.bhardwaj@email.com,9876543268,Ranchi,2023-07-28 12:50:00
60,Mahika Saxena,mahika.saxena@email.com,9876543269,Raipur,2023-08-01 14:05:00
61,Ishita Malik,ishita.malik@email.com,9876543270,Mumbai,2023-08-04 10:25:00
62,Naina Oberoi,naina.oberoi@email.com,9876543271,Delhi,2023-08-07 16:40:00
63,Aarohi Tandon,aarohi.tandon@email.com,9876543272,Bangalore,2023-08-10 11:55:00
64,Samira Khurana,samira.khurana@email.com,9876543273,Hyderabad,2023-08-13 13:15:00
65,Aaradhya Randhawa,aaradhya.rand@email.com,9876543274,Chennai,2023-08-16 15:30:00
66,Kashvi Ahuja,kashvi.ahuja@email.com,9876543275,Pune,2023-08-19 09:45:00
67,Shanvi Kohli,shanvi.kohli@email.com,9876543276,Ahmedabad,2023-08-22 12:05:00
68,Siya Bakshi,siya.bakshi@email.com,9876543277,Kolkata,2023-08-25 14:25:00
69,Anvi Sahni,anvi.sahni@email.com,9876543278,Jaipur,2023-08-28 10:50:00
70,Amaira Grover,amaira.grover@email.com,9876543279,Lucknow,2023-09-01 16:05:00
71,Krish Batra,krish.batra@email.com,9876543280,Surat,2023-09-04 11:20:00
72,Aryan Chadha,aryan.chadha@email.com,9876543281,Kochi,2023-09-07 13:40:00
73,Vivaan Solanki,vivaan.solanki@email.com,9876543282,Coimbatore,2023-09-10 15:55:00
74,Dev Bajaj,dev.bajaj@email.com,9876543283,Indore,2023-09-13 09:10:00
75,Aarush Mehra,aarush.mehra@email.com,9876543284,Nagpur,2023-09-16 12:30:00
76,Pranav Sachdeva,pranav.sachdeva@email.com,9876543285,Visakhapatnam,2023-09-19 14:50:00
77,Kiaan Sehgal,kiaan.sehgal@email.com,9876543286,Bhopal,2023-09-22 10:05:00
78,Raghav Talwar,raghav.talwar@email.com,9876543287,Chandigarh,2023-09-25 16:20:00
79,Aaryan Anand,aaryan.anand@email.com,9876543288,Ludhiana,2023-09-28 11:40:00
80,Samar Saluja,samar.saluja@email.com,9876543289,Vadodara,2023-10-01 13:00:00
81,Moksh Sareen,moksh.sareen@email.com,9876543290,Rajkot,2023-10-04 15:15:00
82,Viraj Wadhwa,viraj.wadhwa@email.com,9876543291,Kanpur,2023-10-07 09:35:00
83,Reyaan Vohra,reyaan.vohra@email.com,9876543292,Nashik,2023-10-10 12:55:00
84,Shlok Kohli,shlok.kohli@email.com,9876543293,Amritsar,2023-10-13 14:10:00
85,Ayansh Garg,ayansh.garg@email.com,9876543294,Mysore,2023-10-16 10:30:00
86,Divit Madan,divit.madan@email.com,9876543295,Guwahati,2023-10-19 16:45:00
87,Devansh Kalra,devansh.kalra@email.com,9876543296,Bhubaneswar,2023-10-22 11:00:00
88,Aadvik Bahl,aadvik.bahl@email.com,9876543297,Patna,2023-10-25 13:20:00
89,Shivin Lal,shivin.lal@email.com,9876543298,Ranchi,2023-10-28 15:35:00
90,Yuvaan Dhawan,yuvaan.dhawan@email.com,9876543299,Raipur,2023-11-01 09:50:00
91,Aadhvik Rawal,aadhvik.rawal@email.com,9876543300,Mumbai,2023-11-04 12:10:00
92,Prisha Kaushal,prisha.kaushal@email.com,9876543301,Delhi,2023-11-07 14:30:00
93,Myra Bajwa,myra.bajwa@email.com,9876543302,Bangalore,2023-11-10 10:45:00
94,Kiara Nagpal,kiara.nagpal@email.com,9876543303,Hyderabad,2023-11-13 16:00:00
95,Aaradhya Sodhi,aaradhya.sodhi@email.com,9876543304,Chennai,2023-11-16 11:15:00
96,Navya Toor,navya.toor@email.com,9876543305,Pune,2023-11-19 13:35:00
97,Saanvi Raina,saanvi.raina@email.com,9876543306,Ahmedabad,2023-11-22 15:50:00
98,Diya Deol,diya.deol@email.com,9876543307,Kolkata,2023-11-25 09:05:00
99,Ananya Virk,ananya.virk@email.com,9876543308,Jaipur,2023-11-28 12:25:00
100,Aanya Sandhu,aanya.sandhu@email.com,9876543309,Lucknow,2023-12-01 14:40:00
101,Zara Grewal,zara.grewal@email.com,9876543310,Surat,2023-12-04 10:00:00
102,Ira Sidhu,ira.sidhu@email.com,9876543311,Kochi,2023-12-07 16:15:00
103,Riya Mann,riya.mann@email.com,9876543312,Coimbatore,2023-12-10 11:30:00
104,Sara Brar,sara.brar@email.com,9876543313,Indore,2023-12-13 13:50:00
105,Isha Dhillon,isha.dhillon@email.com,9876543314,Nagpur,2023-12-16 15:05:00
106,Mira Saini,mira.saini@email.com,9876543315,Visakhapatnam,2023-12-19 09:20:00
107,Kavya Randhawa,kavya.randhawa@email.com,9876543316,Bhopal,2023-12-22 12:40:00
108,Shanaya Chawla,shanaya.chawla@email.com,9876543317,Chandigarh,2023-12-25 14:55:00
109,Avni Atwal,avni.atwal@email.com,9876543318,Ludhiana,2023-12-28 10:10:00
110,Tara Kahlon,tara.kahlon@email.com,9876543319,Vadodara,2024-01-01 16:25:00
111,Arnav Bajwa,arnav.bajwa@email.com,9876543320,Rajkot,2024-01-04 11:45:00
112,Shaurya Gill,shaurya.gill@email.com,9876543321,Kanpur,2024-01-07 13:05:00
113,Yash Bedi,yash.bedi@email.com,9876543322,Nashik,2024-01-10 15:20:00
114,Om Sawhney,om.sawhney@email.com,9876543323,Amritsar,2024-01-13 09:40:00
115,Ranbir Bindra,ranbir.bindra@email.com,9876543324,Mysore,2024-01-16 12:00:00
116,Vidyut Bhalla,vidyut.bhalla@email.com,9876543325,Guwahati,2024-01-19 14:15:00
117,Advay Luthra,advay.luthra@email.com,9876543326,Bhubaneswar,2024-01-22 10:35:00
118,Veer Chhabra,veer.chhabra@email.com,9876543327,Patna,2024-01-25 16:50:00
119,Parth Khurana,parth.khurana@email.com,9876543328,Ranchi,2024-01-28 11:05:00
120,Rohan Uppal,rohan.uppal@email.com,9876543329,Raipur,2024-02-01 13:25:00
121,Ayush Dua,ayush.dua@email.com,9876543330,Mumbai,2024-02-04 15:40:00
122,Laksh Kapur,laksh.kapur@email.com,9876543331,Delhi,2024-02-07 09:55:00
123,Pratham Walia,pratham.walia@email.com,9876543332,Bangalore,2024-02-10 12:15:00
124,Tanvi Arora,tanvi.arora@email.com,9876543333,Hyderabad,2024-02-13 14:30:00
125,Ira Sahni,ira.sahni@email.com,9876543334,Chennai,2024-02-16 10:50:00
126,Pihu Puri,pihu.puri@email.com,9876543335,Pune,2024-02-19 16:05:00
127,Reet Bhasin,reet.bhasin@email.com,9876543336,Ahmedabad,2024-02-22 11:20:00
128,Divya Chopra,divya.chopra@email.com,9876543337,Kolkata,2024-02-25 13:40:00
129,Trisha Malhotra,trisha.malhotra@email.com,9876543338,Jaipur,2024-02-28 15:55:00
130,Mahika Bansal,mahika.bansal@email.com,9876543339,Lucknow,2024-03-02 09:10:00
131,Ishita Mittal,ishita.mittal@email.com,9876543340,Surat,2024-03-05 12:30:00
132,Naina Aggarwal,naina.aggarwal@email.com,9876543341,Kochi,2024-03-08 14:50:00
133,Aarohi Sharma,aarohi.sharma@email.com,9876543342,Coimbatore,2024-03-11 10:05:00
134,Samira Kapoor,samira.kapoor@email.com,9876543343,Indore,2024-03-14 16:20:00
135,Aaradhya Verma,aaradhya.verma@email.com,9876543344,Nagpur,2024-03-17 11:40:00
136,Kashvi Gupta,kashvi.gupta@email.com,9876543345,Visakhapatnam,2024-03-20 13:00:00
137,Shanvi Patel,shanvi.patel@email.com,9876543346,Bhopal,2024-03-23 15:15:00
138,Siya Kumar,siya.kumar@email.com,9876543347,Chandigarh,2024-03-26 09:35:00
139,Anvi Singh,anvi.singh@email.com,9876543348,Ludhiana,2024-03-29 12:55:00
140,Amaira Reddy,amaira.reddy@email.com,9876543349,Vadodara,2024-04-01 14:10:00
141,Krish Iyer,krish.iyer@email.com,9876543350,Rajkot,2024-04-04 10:30:00
142,Aryan Desai,aryan.desai@email.com,9876543351,Kanpur,2024-04-07 16:45:00
143,Vivaan Joshi,vivaan.joshi@email.com,9876543352,Nashik,2024-04-10 11:00:00
144,Dev Das,dev.das@email.com,9876543353,Amritsar,2024-04-13 13:20:00
145,Aarush Menon,aarush.menon@email.com,9876543354,Mysore,2024-04-16 15:35:00
146,Pranav Nair,pranav.nair@email.com,9876543355,Guwahati,2024-04-19 09:50:00
147,Kiaan Pillai,kiaan.pillai@email.com,9876543356,Bhubaneswar,2024-04-22 12:10:00
148,Raghav Rao,raghav.rao@email.com,9876543357,Patna,2024-04-25 14:30:00
149,Aaryan Kulkarni,aaryan.kulkarni@email.com,9876543358,Ranchi,2024-04-28 10:45:00
150,Samar Bhatt,samar.bhatt@email.com,9876543359,Raipur,2024-05-01 16:00:00
151,Moksh Mishra,moksh.mishra@email.com,9876543360,Mumbai,2024-05-04 11:15:00
152,Viraj Trivedi,viraj.trivedi@email.com,9876543361,Delhi,2024-05-07 13:35:00
153,Reyaan Khan,reyaan.khan@email.com,9876543362,Bangalore,2024-05-10 15:50:00
154,Shlok Sinha,shlok.sinha@email.com,9876543363,Hyderabad,2024-05-13 09:05:00
155,Ayansh Ghosh,ayansh.ghosh@email.com,9876543364,Chennai,2024-05-16 12:25:00
156,Divit Chatterjee,divit.chatterjee@email.com,9876543365,Pune,2024-05-19 14:40:00
157,Devansh Bose,devansh.bose@email.com,9876543366,Ahmedabad,2024-05-22 10:00:00
158,Aadvik Roy,aadvik.roy@email.com,9876543367,Kolkata,2024-05-25 16:15:00
159,Shivin Dutta,shivin.dutta@email.com,9876543368,Jaipur,2024-05-28 11:30:00
160,Yuvaan Sen,yuvaan.sen@email.com,9876543369,Lucknow,2024-06-01 13:50:00
161,Aadhvik Mukherjee,aadhvik.mukher@email.com,9876543370,Surat,2024-06-04 15:05:00
162,Prisha Jain,prisha.jain@email.com,9876543371,Kochi,2024-06-07 09:20:00
163,Myra Arora,myra.arora@email.com,9876543372,Coimbatore,2024-06-10 12:40:00
164,Kiara Chauhan,kiara.chauhan@email.com,9876543373,Indore,2024-06-13 14:55:00
165,Aaradhya Thakur,aaradhya.thakur@email.com,9876543374,Nagpur,2024-06-16 10:10:00
166,Navya Yadav,navya.yadav@email.com,9876543375,Visakhapatnam,2024-06-19 16:25:00
167,Saanvi Rajput,saanvi.rajput@email.com,9876543376,Bhopal,2024-06-22 11:45:00
168,Diya Chawla,diya.chawla@email.com,9876543377,Chandigarh,2024-06-25 13:05:00
169,Ananya Gill,ananya.gill@email.com,9876543378,Ludhiana,2024-06-28 15:20:00
170,Aanya Bhatia,aanya.bhatia@email.com,9876543379,Vadodara,2024-07-01 09:40:00
171,Zara Sethi,zara.sethi@email.com,9876543380,Rajkot,2024-07-04 12:00:00
172,Ira Soni,ira.soni@email.com,9876543381,Kanpur,2024-07-07 14:15:00
173,Riya Goyal,riya.goyal@email.com,9876543382,Nashik,2024-07-10 10:35:00
174,Sara Singhal,sara.singhal@email.com,9876543383,Amritsar,2024-07-13 16:50:00
175,Isha Shukla,isha.shukla@email.com,9876543384,Mysore,2024-07-16 11:05:00
176,Mira Dubey,mira.dubey@email.com,9876543385,Guwahati,2024-07-19 13:25:00
177,Kavya Mathur,kavya.mathur@email.com,9876543386,Bhubaneswar,2024-07-22 15:40:00
178,Shanaya Khanna,shanaya.khanna@email.com,9876543387,Patna,2024-07-25 09:55:00
179,Avni Kashyap,avni.kashyap@email.com,9876543388,Ranchi,2024-07-28 12:15:00
180,Tara Bhardwaj,tara.bhardwaj@email.com,9876543389,Raipur,2024-08-01 14:30:00
181,Arnav Saxena,arnav.saxena@email.com,9876543390,Mumbai,2024-08-04 10:50:00
182,Shaurya Malik,shaurya.malik@email.com,9876543391,Delhi,2024-08-07 16:05:00
183,Yash Oberoi,yash.oberoi@email.com,9876543392,Bangalore,2024-08-10 11:20:00
184,Om Tandon,om.tandon@email.com,9876543393,Hyderabad,2024-08-13 13:40:00
185,Ranbir Khurana,ranbir.khurana@email.com,9876543394,Chennai,2024-08-16 15:55:00
186,Vidyut Randhawa,vidyut.randhawa@email.com,9876543395,Pune,2024-08-19 09:10:00
187,Advay Ahuja,advay.ahuja@email.com,9876543396,Ahmedabad,2024-08-22 12:30:00
188,Veer Kohli,veer.kohli@email.com,9876543397,Kolkata,2024-08-25 14:50:00
189,Parth Bakshi,parth.bakshi@email.com,9876543398,Jaipur,2024-08-28 10:05:00
190,Rohan Sahni,rohan.sahni@email.com,9876543399,Lucknow,2024-09-01 16:20:00
191,Ayush Grover,ayush.grover@email.com,9876543400,Surat,2024-09-04 11:40:00
192,Laksh Batra,laksh.batra@email.com,9876543401,Kochi,2024-09-07 13:00:00
193,Pratham Chadha,pratham.chadha@email.com,9876543402,Coimbatore,2024-09-10 15:15:00
194,Tanvi Solanki,tanvi.solanki@email.com,9876543403,Indore,2024-09-13 09:35:00
195,Ira Bajaj,ira.bajaj@email.com,9876543404,Nagpur,2024-09-16 12:55:00
196,Pihu Mehra,pihu.mehra@email.com,9876543405,Visakhapatnam,2024-09-19 14:10:00
197,Reet Sachdeva,reet.sachdeva@email.com,9876543406,Bhopal,2024-09-22 10:30:00
198,Divya Sehgal,divya.sehgal@email.com,9876543407,Chandigarh,2024-09-25 16:45:00
199,Trisha Talwar,trisha.talwar@email.com,9876543408,Ludhiana,2024-09-28 11:00:00
200,Mahika Anand,mahika.anand@email.com,9876543409,Vadodara,2024-10-01 13:20:00
201,Ishita Saluja,ishita.saluja@email.com,9876543410,Rajkot,2024-10-04 15:35:00
202,Naina Sareen,naina.sareen@email.com,9876543411,Kanpur,2024-10-07 09:50:00
203,Aarohi Wadhwa,aarohi.wadhwa@email.com,9876543412,Nashik,2024-10-10 12:10:00
204,Samira Vohra,samira.vohra@email.com,9876543413,Amritsar,2024-10-13 14:30:00
205,Aaradhya Kohli,aaradhya.kohli@email.com,9876543414,Mysore,2024-10-16 10:45:00
206,Kashvi Garg,kashvi.garg@email.com,9876543415,Guwahati,2024-10-19 16:00:00
207,Shanvi Madan,shanvi.madan@email.com,9876543416,Bhubaneswar,2024-10-22 11:15:00
208,Siya Kalra,siya.kalra@email.com,9876543417,Patna,2024-10-25 13:35:00
209,Anvi Bahl,anvi.bahl@email.com,9876543418,Ranchi,2024-10-28 15:50:00
210,Amaira Lal,amaira.lal@email.com,9876543419,Raipur,2024-11-01 09:05:00
211,Krish Dhawan,krish.dhawan@email.com,9876543420,Mumbai,2024-11-04 12:25:00
212,Aryan Rawal,aryan.rawal@email.com,9876543421,Delhi,2024-11-07 14:40:00
213,Vivaan Kaushal,vivaan.kaushal@email.com,9876543422,Bangalore,2024-11-10 10:00:00
214,Dev Bajwa,dev.bajwa@email.com,9876543423,Hyderabad,2024-11-13 16:15:00
215,Aarush Nagpal,aarush.nagpal@email.com,9876543424,Chennai,2024-11-16 11:30:00
216,Pranav Sodhi,pranav.sodhi@email.com,9876543425,Pune,2024-11-19 13:50:00
217,Kiaan Toor,kiaan.toor@email.com,9876543426,Ahmedabad,2024-11-22 15:05:00
218,Raghav Raina,raghav.raina@email.com,9876543427,Kolkata,2024-11-25 09:20:00
219,Aaryan Deol,aaryan.deol@email.com,9876543428,Jaipur,2024-11-28 12:40:00
220,Samar Virk,samar.virk@email.com,9876543429,Lucknow,2024-12-01 14:55:00
221,Moksh Sandhu,moksh.sandhu@email.com,9876543430,Surat,2024-12-04 10:10:00
222,Viraj Grewal,viraj.grewal@email.com,9876543431,Kochi,2024-12-07 16:25:00
223,Reyaan Sidhu,reyaan.sidhu@email.com,9876543432,Coimbatore,2024-12-10 11:45:00
224,Shlok Mann,shlok.mann@email.com,9876543433,Indore,2024-12-13 13:05:00
225,Ayansh Brar,ayansh.brar@email.com,9876543434,Nagpur,2024-12-16 15:20:00
226,Divit Dhillon,divit.dhillon@email.com,9876543435,Visakhapatnam,2024-12-19 09:40:00
227,Devansh Saini,devansh.saini@email.com,9876543436,Bhopal,2024-12-22 12:00:00
228,Aadvik Randhawa,aadvik.randhawa@email.com,9876543437,Chandigarh,2024-12-25 14:15:00
229,Shivin Chawla,shivin.chawla@email.com,9876543438,Ludhiana,2024-12-28 10:35:00
230,Yuvaan Atwal,yuvaan.atwal@email.com,9876543439,Vadodara,2025-01-01 16:50:00
231,Aadhvik Kahlon,aadhvik.kahlon@email.com,9876543440,Rajkot,2025-01-04 11:05:00
232,Advika Bajwa,advika.bajwa@email.com,9876543441,Kanpur,2025-01-07 13:25:00
233,Navya Gill,navya.gill@email.com,9876543442,Nashik,2025-01-10 15:40:00
234,Aadhya Bedi,aadhya.bedi@email.com,9876543443,Amritsar,2025-01-13 09:55:00
235,Anika Sawhney,anika.sawhney@email.com,9876543444,Mysore,2025-01-16 12:15:00
236,Nitya Bindra,nitya.bindra@email.com,9876543445,Guwahati,2025-01-19 14:30:00
237,Mira Bhalla,mira.bhalla@email.com,9876543446,Bhubaneswar,2025-01-22 10:50:00
238,Kavya Luthra,kavya.luthra@email.com,9876543447,Patna,2025-01-25 16:05:00
239,Shanaya Chhabra,shanaya.chhabra@email.com,9876543448,Ranchi,2025-01-28 11:20:00
240,Avni Khurana,avni.khurana@email.com,9876543449,Raipur,2025-02-01 13:40:00
241,Tara Uppal,tara.uppal@email.com,9876543450,Mumbai,2025-02-04 15:55:00
242,Larisa Dua,larisa.dua@email.com,9876543451,Delhi,2025-02-07 09:10:00
243,Sia Kapur,sia.kapur@email.com,9876543452,Bangalore,2025-02-10 12:30:00
244,Pari Walia,pari.walia@email.com,9876543453,Hyderabad,2025-02-13 14:50:00
245,Myra Arora,myra.arora2@email.com,9876543454,Chennai,2025-02-16 10:05:00
246,Sara Sahni,sara.sahni@email.com,9876543455,Pune,2025-02-19 16:20:00
247,Aadhya Puri,aadhya.puri@email.com,9876543456,Ahmedabad,2025-02-22 11:40:00
248,Riya Bhasin,riya.bhasin@email.com,9876543457,Kolkata,2025-02-25 13:00:00
249,Kiara Chopra,kiara.chopra@email.com,9876543458,Jaipur,2025-02-28 15:15:00
250,Prisha Malhotra,prisha.malhotra@email.com,9876543459,Lucknow,2025-03-03 09:35:00